{"stats":{"minecraft:custom":{"minecraft:time_since_rest":8072,"minecraft:crouch_one_cm":789,"minecraft:sprint_one_cm":2260,"minecraft:play_time":8072,"minecraft:walk_one_cm":5237,"minecraft:sneak_time":428,"minecraft:drop":15,"minecraft:jump":15,"minecraft:leave_game":2,"minecraft:time_since_death":8072,"minecraft:climb_one_cm":101,"minecraft:total_world_time":8072,"minecraft:fly_one_cm":20352},"minecraft:mined":{"minecraft:vine":1,"minecraft:jungle_log":2,"minecraft:jungle_leaves":17},"minecraft:dropped":{"minecraft:jungle_sapling":3,"minecraft:dirt":54,"minecraft:apple":1,"minecraft:wheat_seeds":6,"minecraft:oak_log":7,"minecraft:tnt":1,"minecraft:cocoa_beans":3,"minecraft:jungle_log":19,"minecraft:stick":2},"minecraft:used":{"minecraft:flint_and_steel":34,"minecraft:tnt":52},"minecraft:picked_up":{"minecraft:cocoa_beans":3,"minecraft:stick":2,"minecraft:apple":1,"minecraft:jungle_log":19,"minecraft:wheat_seeds":6,"minecraft:oak_log":7,"minecraft:jungle_sapling":3,"minecraft:dirt":54}},"DataVersion":3465}